Career,Category
Accountant,Finance
Administrative Officer,Administration
Advertising Executive,Business
Aerospace Engineer,Engineering
Air Traffic Controller,Aviation
Airline Pilot,Aviation
Architect,Engineering
Artist,Creative Arts
Astronomer,Science
Biologist,Science
Biomedical Engineer,Engineering
Biomedical Researcher,Science
Biotechnologist,Science
Chef,Hospitality
Chiropractor,Healthcare
Civil Engineer,Engineering
Construction Engineer,Engineering
Customs and Border Protection Officer,Government
Data Analyst,Technology
Database Administrator,Technology
Database Analyst,Technology
Dental Hygienist,Healthcare
Diplomat,Government
Electrical Engineer,Engineering
Electronics Design Engineer,Engineering
Elementary School Teacher,Education
Environmental Engineer,Engineering
Environmental Scientist,Science
Event Photographer,Creative Arts
Event Planner,Hospitality
Fashion Designer,Creative Arts
Fashion Stylist,Creative Arts
Film Director,Creative Arts
Financial Advisor,Finance
Financial Analyst,Finance
Financial Auditor,Finance
Financial Planner,Finance
Foreign Service Officer,Government
Forensic Psychologist,Healthcare
Forensic Scientist,Science
Forestry Technician,Science
Game Developer,Technology
Genetic Counselor,Healthcare
Geologist,Science
Graphic Designer,Creative Arts
HR Recruiter,Business
Human Resources Manager,Business
Human Rights Lawyer,Law
IT Project Manager,Technology
IT Support Specialist,Technology
Industrial Engineer,Engineering
Insurance Underwriter,Finance
Interior Designer,Creative Arts
Investment Banker,Finance
Journalist,Media
Lawyer,Law
Marine Biologist,Science
Market Research Analyst,Business
Market Researcher,Business
Marketing Analyst,Business
Marketing Coordinator,Business
Marketing Copywriter,Media
Marketing Manager,Business
Marriage Counselor,Healthcare
Mechanical Designer,Engineering
Mechanical Engineer,Engineering
Musician,Creative Arts
Nurse,Healthcare
Occupational Therapist,Healthcare
Pediatric Nurse,Healthcare
Pediatrician,Healthcare
Pharmacist,Healthcare
Physical Therapist,Healthcare
Physician,Healthcare
Police Detective,Government
Police Officer,Government
Product Manager,Business
Psychologist,Healthcare
Public Health Analyst,Healthcare
Public Relations Specialist,Media
Quality Control Inspector,Engineering
Radiologic Technologist,Healthcare
Real Estate Agent,Business
Rehabilitation Counselor,Healthcare
Research Scientist,Science
Robotics Engineer,Engineering
Salesperson,Business
Social Media Manager,Media
Social Worker,Healthcare
Software Developer,Technology
Software Quality Assurance Tester,Technology
Speech Pathologist,Healthcare
Speech Therapist,Healthcare
Sports Coach,Education
Tax Accountant,Finance
Tax Collector,Government
Teacher,Education
Technical Writer,Media
Urban Planner,Engineering
Video Game Tester,Technology
Web Developer,Technology
Wildlife Biologist,Science
Wildlife Conservationist,Science
Zoologist,Science